Exp Date,Symbol,Contract Name
2004-05-18,VIK04,S&P 500 VIX May 2004 Futures
2004-06-15,VIM04,S&P 500 VIX June 2004 Futures
2004-07-13,VIN04,S&P 500 VIX July 2004 Futures
2004-08-17,VIQ04,S&P 500 VIX August 2004 Futures
2004-09-14,VIU04,S&P 500 VIX September 2004 Futures
2004-10-13,VIV04,S&P 500 VIX October 2004 Futures
2004-11-17,VIX04,S&P 500 VIX November 2004 Futures
2005-01-19,VIF05,S&P 500 VIX January 2005 Futures
2005-02-15,VIG05,S&P 500 VIX February 2005 Futures
2005-03-16,VIH05,S&P 500 VIX March 2005 Futures
2005-05-17,VIK05,S&P 500 VIX May 2005 Futures
2005-06-15,VIM05,S&P 500 VIX June 2005 Futures
2005-08-17,VIQ05,S&P 500 VIX August 2005 Futures
2005-10-19,VIV05,S&P 500 VIX October 2005 Futures
2005-11-16,VIX05,S&P 500 VIX November 2005 Futures
2005-12-21,VIZ05,S&P 500 VIX December 2005 Futures
2006-01-18,VIF06,S&P 500 VIX January 2006 Futures
2006-02-15,VIG06,S&P 500 VIX February 2006 Futures
2006-03-22,VIH06,S&P 500 VIX March 2006 Futures
2006-04-19,VIJ06,S&P 500 VIX April 2006 Futures
2006-05-17,VIK06,S&P 500 VIX May 2006 Futures
2006-06-21,VIM06,S&P 500 VIX June 2006 Futures
2006-07-19,VIN06,S&P 500 VIX July 2006 Futures
2006-08-16,VIQ06,S&P 500 VIX August 2006 Futures
2006-09-20,VIU06,S&P 500 VIX September 2006 Futures
2006-10-18,VIV06,S&P 500 VIX October 2006 Futures
2006-11-15,VIX06,S&P 500 VIX November 2006 Futures
2006-12-20,VIZ06,S&P 500 VIX December 2006 Futures
2007-01-17,VIF07,S&P 500 VIX January 2007 Futures
2007-02-14,VIG07,S&P 500 VIX February 2007 Futures
2007-03-21,VIH07,S&P 500 VIX March 2007 Futures
2007-04-18,VIJ07,S&P 500 VIX April 2007 Futures
2007-05-16,VIK07,S&P 500 VIX May 2007 Futures
2007-06-20,VIM07,S&P 500 VIX June 2007 Futures
2007-07-18,VIN07,S&P 500 VIX July 2007 Futures
2007-08-22,VIQ07,S&P 500 VIX August 2007 Futures
2007-09-19,VIU07,S&P 500 VIX September 2007 Futures
2007-10-17,VIV07,S&P 500 VIX October 2007 Futures
2007-11-21,VIX07,S&P 500 VIX November 2007 Futures
2007-12-19,VIZ07,S&P 500 VIX December 2007 Futures
2008-01-16,VIF08,S&P 500 VIX January 2008 Futures
2008-02-20,VIG08,S&P 500 VIX February 2008 Futures
2008-03-19,VIH08,S&P 500 VIX March 2008 Futures
2008-04-16,VIJ08,S&P 500 VIX April 2008 Futures
2008-05-21,VIK08,S&P 500 VIX May 2008 Futures
2008-06-18,VIM08,S&P 500 VIX June 2008 Futures
2008-07-16,VIN08,S&P 500 VIX July 2008 Futures
2008-08-20,VIQ08,S&P 500 VIX August 2008 Futures
2008-09-17,VIU08,S&P 500 VIX September 2008 Futures
2008-10-22,VIV08,S&P 500 VIX October 2008 Futures
2008-11-19,VIX08,S&P 500 VIX November 2008 Futures
2008-12-17,VIZ08,S&P 500 VIX December 2008 Futures
2009-01-21,VIF09,S&P 500 VIX January 2009 Futures
2009-02-18,VIG09,S&P 500 VIX February 2009 Futures
2009-03-18,VIH09,S&P 500 VIX March 2009 Futures
2009-04-15,VIJ09,S&P 500 VIX April 2009 Futures
2009-05-20,VIK09,S&P 500 VIX May 2009 Futures
2009-06-17,VIM09,S&P 500 VIX June 2009 Futures
2009-07-22,VIN09,S&P 500 VIX July 2009 Futures
2009-08-18,VIQ09,S&P 500 VIX August 2009 Futures
2009-09-16,VIU09,S&P 500 VIX September 2009 Futures
2009-10-21,VIV09,S&P 500 VIX October 2009 Futures
2009-11-18,VIX09,S&P 500 VIX November 2009 Futures
2009-12-16,VIZ09,S&P 500 VIX December 2009 Futures
2010-01-20,VIF10,S&P 500 VIX January 2010 Futures
2010-02-17,VIG10,S&P 500 VIX February 2010 Futures
2010-03-17,VIH10,S&P 500 VIX March 2010 Futures
2010-04-21,VIJ10,S&P 500 VIX April 2010 Futures
2010-05-19,VIK10,S&P 500 VIX May 2010 Futures
2010-06-16,VIM10,S&P 500 VIX June 2010 Futures
2010-07-21,VIN10,S&P 500 VIX July 2010 Futures
2010-08-18,VIQ10,S&P 500 VIX August 2010 Futures
2010-09-15,VIU10,S&P 500 VIX September 2010 Futures
2010-10-20,VIV10,S&P 500 VIX October 2010 Futures
2010-11-17,VIX10,S&P 500 VIX November 2010 Futures
2010-12-22,VIZ10,S&P 500 VIX December 2010 Futures
2011-01-19,VIF11,S&P 500 VIX January 2011 Futures
2011-02-16,VIG11,S&P 500 VIX February 2011 Futures
2011-03-16,VIH11,S&P 500 VIX March 2011 Futures
2011-04-20,VIJ11,S&P 500 VIX April 2011 Futures
2011-05-18,VIK11,S&P 500 VIX May 2011 Futures
2011-06-15,VIM11,S&P 500 VIX June 2011 Futures
2011-07-20,VIN11,S&P 500 VIX July 2011 Futures
2011-08-17,VIQ11,S&P 500 VIX August 2011 Futures
2011-09-21,VIU11,S&P 500 VIX September 2011 Futures
2011-10-19,VIV11,S&P 500 VIX October 2011 Futures
2011-11-16,VIX11,S&P 500 VIX November 2011 Futures
2011-12-21,VIZ11,S&P 500 VIX December 2011 Futures
2012-01-18,VIF12,S&P 500 VIX January 2012 Futures
2012-02-15,VIG12,S&P 500 VIX February 2012 Futures
2012-03-21,VIH12,S&P 500 VIX March 2012 Futures
2012-04-18,VIJ12,S&P 500 VIX April 2012 Futures
2012-05-16,VIK12,S&P 500 VIX May 2012 Futures
2012-06-20,VIM12,S&P 500 VIX June 2012 Futures
2012-07-18,VIN12,S&P 500 VIX July 2012 Futures
2012-08-22,VIQ12,S&P 500 VIX August 2012 Futures
2012-09-19,VIU12,S&P 500 VIX September 2012 Futures
2012-10-17,VIV12,S&P 500 VIX October 2012 Futures
2012-11-21,VIX12,S&P 500 VIX November 2012 Futures
2012-12-19,VIZ12,S&P 500 VIX December 2012 Futures
2013-01-16,VIF13,S&P 500 VIX January 2013 Futures
2013-02-13,VIG13,S&P 500 VIX February 2013 Futures
2013-03-20,VIH13,S&P 500 VIX March 2013 Futures
2013-04-17,VIJ13,S&P 500 VIX April 2013 Futures
2013-05-22,VIK13,S&P 500 VIX May 2013 Futures
2013-06-19,VIM13,S&P 500 VIX June 2013 Futures
2013-07-17,VIN13,S&P 500 VIX July 2013 Futures
2013-08-21,VIQ13,S&P 500 VIX August 2013 Futures
2013-09-18,VIU13,S&P 500 VIX September 2013 Futures
2013-10-16,VIV13,S&P 500 VIX October 2013 Futures
2013-11-20,VIX13,S&P 500 VIX November 2013 Futures
2013-12-18,VIZ13,S&P 500 VIX December 2013 Futures
2014-01-22,VIF14,S&P 500 VIX January 2014 Futures
2014-02-19,VIG14,S&P 500 VIX February 2014 Futures
2014-03-18,VIH14,S&P 500 VIX March 2014 Futures
2014-04-16,VIJ14,S&P 500 VIX April 2014 Futures
2014-05-21,VIK14,S&P 500 VIX May 2014 Futures
2014-06-18,VIM14,S&P 500 VIX June 2014 Futures
2014-07-16,VIN14,S&P 500 VIX July 2014 Futures
2014-08-20,VIQ14,S&P 500 VIX August 2014 Futures
2014-09-17,VIU14,S&P 500 VIX September 2014 Futures
2014-10-22,VIV14,S&P 500 VIX October 2014 Futures
2014-11-19,VIX14,S&P 500 VIX November 2014 Futures
2014-12-17,VIZ14,S&P 500 VIX December 2014 Futures
2015-01-21,VIF15,S&P 500 VIX January 2015 Futures
2015-02-18,VIG15,S&P 500 VIX February 2015 Futures
2015-03-18,VIH15,S&P 500 VIX March 2015 Futures
2015-04-15,VIJ15,S&P 500 VIX April 2015 Futures
2015-05-20,VIK15,S&P 500 VIX May 2015 Futures
2015-06-17,VIM15,S&P 500 VIX June 2015 Futures
2015-07-22,VIN15,S&P 500 VIX July 2015 Futures
2015-08-19,VIQ15,S&P 500 VIX August 2015 Futures
2015-09-16,VIU15,S&P 500 VIX September 2015 Futures
2015-10-21,VIV15,S&P 500 VIX October 2015 Futures
2015-11-17,VIX15,S&P 500 VIX November 2015 Futures
2015-12-16,VIZ15,S&P 500 VIX December 2015 Futures
2016-01-20,VIF16,S&P 500 VIX January 2016 Futures
2016-02-17,VIG16,S&P 500 VIX February 2016 Futures
2016-03-16,VIH16,S&P 500 VIX March 2016 Futures
2016-04-20,VIJ16,S&P 500 VIX April 2016 Futures
2016-05-18,VIK16,S&P 500 VIX May 2016 Futures
2016-06-15,VIM16,S&P 500 VIX June 2016 Futures
2016-07-20,VIN16,S&P 500 VIX July 2016 Futures
2016-08-17,VIQ16,S&P 500 VIX August 2016 Futures
2016-09-21,VIU16,S&P 500 VIX September 2016 Futures
2016-10-19,VIV16,S&P 500 VIX October 2016 Futures
2016-11-16,VIX16,S&P 500 VIX November 2016 Futures
2016-12-21,VIZ16,S&P 500 VIX December 2016 Futures
2017-01-18,VIF17,S&P 500 VIX January 2017 Futures
2017-02-15,VIG17,S&P 500 VIX February 2017 Futures
2017-03-22,VIH17,S&P 500 VIX March 2017 Futures
2017-04-19,VIJ17,S&P 500 VIX April 2017 Futures
2017-05-17,VIK17,S&P 500 VIX May 2017 Futures
2017-06-21,VIM17,S&P 500 VIX June 2017 Futures
2017-07-19,VIN17,S&P 500 VIX July 2017 Futures
2017-08-16,VIQ17,S&P 500 VIX August 2017 Futures
2017-09-20,VIU17,S&P 500 VIX September 2017 Futures
2017-10-18,VIV17,S&P 500 VIX October 2017 Futures
2017-11-15,VIX17,S&P 500 VIX November 2017 Futures
2017-12-20,VIZ17,S&P 500 VIX December 2017 Futures
2018-01-17,VIF18,S&P 500 VIX January 2018 Futures
2018-02-14,VIG18,S&P 500 VIX February 2018 Futures
2018-03-21,VIH18,S&P 500 VIX March 2018 Futures
2018-04-18,VIJ18,S&P 500 VIX April 2018 Futures
2018-05-16,VIK18,S&P 500 VIX May 2018 Futures
2018-06-20,VIM18,S&P 500 VIX June 2018 Futures
2018-07-18,VIN18,S&P 500 VIX July 2018 Futures
2018-08-22,VIQ18,S&P 500 VIX August 2018 Futures
2018-09-19,VIU18,S&P 500 VIX September 2018 Futures
2018-10-17,VIV18,S&P 500 VIX October 2018 Futures
2018-11-21,VIX18,S&P 500 VIX November 2018 Futures
2018-12-19,VIZ18,S&P 500 VIX December 2018 Futures
2019-01-16,VIF19,S&P 500 VIX January 2019 Futures
2019-02-13,VIG19,S&P 500 VIX February 2019 Futures
2019-03-19,VIH19,S&P 500 VIX March 2019 Futures
2019-04-17,VIJ19,S&P 500 VIX April 2019 Futures
2019-05-22,VIK19,S&P 500 VIX May 2019 Futures
2019-06-19,VIM19,S&P 500 VIX June 2019 Futures
2019-07-17,VIN19,S&P 500 VIX July 2019 Futures
2019-08-21,VIQ19,S&P 500 VIX August 2019 Futures
2019-09-18,VIU19,S&P 500 VIX September 2019 Futures
2019-10-16,VIV19,S&P 500 VIX October 2019 Futures
2019-11-20,VIX19,S&P 500 VIX November 2019 Futures
2019-12-18,VIZ19,S&P 500 VIX December 2019 Futures
2020-01-22,VIF20,S&P 500 VIX January 2020 Futures
2020-02-19,VIG20,S&P 500 VIX February 2020 Futures
2020-03-18,VIH20,S&P 500 VIX March 2020 Futures
2020-04-15,VIJ20,S&P 500 VIX April 2020 Futures
2020-05-20,VIK20,S&P 500 VIX May 2020 Futures
2020-06-17,VIM20,S&P 500 VIX June 2020 Futures
2020-07-22,VIN20,S&P 500 VIX July 2020 Futures
2020-08-19,VIQ20,S&P 500 VIX August 2020 Futures
2020-09-16,VIU20,S&P 500 VIX September 2020 Futures
2020-10-21,VIV20,S&P 500 VIX October 2020 Futures
2020-11-18,VIX20,S&P 500 VIX November 2020 Futures
2020-12-16,VIZ20,S&P 500 VIX December 2020 Futures
2021-01-20,VIF21,S&P 500 VIX January 2021 Futures
2021-02-17,VIG21,S&P 500 VIX February 2021 Futures
2021-03-17,VIH21,S&P 500 VIX March 2021 Futures
2021-04-21,VIJ21,S&P 500 VIX April 2021 Futures
2021-05-19,VIK21,S&P 500 VIX May 2021 Futures
2021-06-16,VIM21,S&P 500 VIX June 2021 Futures
2021-07-21,VIN21,S&P 500 VIX July 2021 Futures
2021-08-18,VIQ21,S&P 500 VIX August 2021 Futures
2021-09-15,VIU21,S&P 500 VIX September 2021 Futures
2021-10-20,VIV21,S&P 500 VIX October 2021 Futures
2021-11-17,VIX21,S&P 500 VIX November 2021 Futures
2021-12-22,VIZ21,S&P 500 VIX December 2021 Futures
2022-01-19,VIF22,S&P 500 VIX January 2022 Futures
2022-02-16,VIG22,S&P 500 VIX February 2022 Futures
2022-03-15,VIH22,S&P 500 VIX March 2022 Futures
2022-04-20,VIJ22,S&P 500 VIX April 2022 Futures
2022-05-18,VIK22,S&P 500 VIX May 2022 Futures
2022-06-15,VIM22,S&P 500 VIX June 2022 Futures
2022-07-20,VIN22,S&P 500 VIX July 2022 Futures
2022-08-17,VIQ22,S&P 500 VIX August 2022 Futures
2022-09-21,VIU22,S&P 500 VIX September 2022 Futures
2022-10-19,VIV22,S&P 500 VIX October 2022 Futures
2022-11-16,VIX22,S&P 500 VIX November 2022 Futures
2022-12-21,VIZ22,S&P 500 VIX December 2022 Futures
2023-01-18,VIF23,S&P 500 VIX January 2023 Futures
2023-02-15,VIG23,S&P 500 VIX February 2023 Futures
2023-03-22,VIH23,S&P 500 VIX March 2023 Futures
2023-04-19,VIJ23,S&P 500 VIX April 2023 Futures
2023-05-17,VIK23,S&P 500 VIX May 2023 Futures
2023-06-21,VIM23,S&P 500 VIX June 2023 Futures
2023-07-19,VIN23,S&P 500 VIX July 2023 Futures
2023-08-16,VIQ23,S&P 500 VIX August 2023 Futures
2023-09-20,VIU23,S&P 500 VIX September 2023 Futures
2023-10-18,VIV23,S&P 500 VIX October 2023 Futures
2023-11-15,VIX23,S&P 500 VIX November 2023 Futures
2023-12-20,VIZ23,S&P 500 VIX December 2023 Futures
2024-01-17,VIF24,S&P 500 VIX January 2024 Futures
2024-02-21,VIG24,S&P 500 VIX February 2024 Futures
2024-03-20,VIH24,S&P 500 VIX March 2024 Futures
2024-04-17,VIJ24,S&P 500 VIX April 2024 Futures
2024-05-15,VIK24,S&P 500 VIX May 2024 Futures
2024-06-18,VIM24,S&P 500 VIX June 2024 Futures
2024-07-17,VIN24,S&P 500 VIX July 2024 Futures
2024-08-21,VIQ24,S&P 500 VIX August 2024 Futures
2024-09-18,VIU24,S&P 500 VIX September 2024 Futures
2024-10-16,VIV24,S&P 500 VIX October 2024 Futures
2024-11-20,VIX24,S&P 500 VIX November 2024 Futures
2024-12-18,VIZ24,S&P 500 VIX December 2024 Futures
2025-01-01,VIF25,S&P 500 VIX January 2025 Futures
2025-02-01,VIG25,S&P 500 VIX February 2025 Futures
2025-03-01,VIH25,S&P 500 VIX March 2025 Futures
2025-04-01,VIJ25,S&P 500 VIX April 2025 Futures
2025-05-01,VIK25,S&P 500 VIX May 2025 Futures
